<?xml version="1.0" encoding="UTF-8"?>
<GenRun Id="impl_1" LaunchPart="xc7s15ftgb196-1" LaunchTime="1596269264">
  <File Type="BITSTR-BMM" Name="Link_bd.bmm"/>
  <File Type="OPT-METHODOLOGY-DRC" Name="Link_methodology_drc_opted.rpt"/>
  <File Type="INIT-TIMING" Name="Link_timing_summary_init.rpt"/>
  <File Type="ROUTE-PWR" Name="Link_power_routed.rpt"/>
  <File Type="PA-TCL" Name="Link.tcl"/>
  <File Type="OPT-TIMING" Name="Link_timing_summary_opted.rpt"/>
  <File Type="OPT-DCP" Name="Link_opt.dcp"/>
  <File Type="ROUTE-PWR-SUM" Name="Link_power_summary_routed.pb"/>
  <File Type="REPORTS-TCL" Name="Link_reports.tcl"/>
  <File Type="OPT-DRC" Name="Link_drc_opted.rpt"/>
  <File Type="OPT-HWDEF" Name="Link.hwdef"/>
  <File Type="PWROPT-DCP" Name="Link_pwropt.dcp"/>
  <File Type="PWROPT-DRC" Name="Link_drc_pwropted.rpt"/>
  <File Type="PWROPT-TIMING" Name="Link_timing_summary_pwropted.rpt"/>
  <File Type="PLACE-DCP" Name="Link_placed.dcp"/>
  <File Type="PLACE-IO" Name="Link_io_placed.rpt"/>
  <File Type="PLACE-CLK" Name="Link_clock_utilization_placed.rpt"/>
  <File Type="PLACE-UTIL" Name="Link_utilization_placed.rpt"/>
  <File Type="PLACE-UTIL-PB" Name="Link_utilization_placed.pb"/>
  <File Type="PLACE-CTRL" Name="Link_control_sets_placed.rpt"/>
  <File Type="PLACE-SIMILARITY" Name="Link_incremental_reuse_placed.rpt"/>
  <File Type="PLACE-PRE-SIMILARITY" Name="Link_incremental_reuse_pre_placed.rpt"/>
  <File Type="BG-BGN" Name="Link.bgn"/>
  <File Type="PLACE-TIMING" Name="Link_timing_summary_placed.rpt"/>
  <File Type="POSTPLACE-PWROPT-DCP" Name="Link_postplace_pwropt.dcp"/>
  <File Type="BG-BIN" Name="Link.bin"/>
  <File Type="POSTPLACE-PWROPT-TIMING" Name="Link_timing_summary_postplace_pwropted.rpt"/>
  <File Type="PHYSOPT-DCP" Name="Link_physopt.dcp"/>
  <File Type="PHYSOPT-DRC" Name="Link_drc_physopted.rpt"/>
  <File Type="BITSTR-MSK" Name="Link.msk"/>
  <File Type="PHYSOPT-TIMING" Name="Link_timing_summary_physopted.rpt"/>
  <File Type="ROUTE-ERROR-DCP" Name="Link_routed_error.dcp"/>
  <File Type="ROUTE-DCP" Name="Link_routed.dcp"/>
  <File Type="ROUTE-BLACKBOX-DCP" Name="Link_routed_bb.dcp"/>
  <File Type="ROUTE-DRC" Name="Link_drc_routed.rpt"/>
  <File Type="ROUTE-DRC-PB" Name="Link_drc_routed.pb"/>
  <File Type="BITSTR-LTX" Name="debug_nets.ltx"/>
  <File Type="BITSTR-LTX" Name="Link.ltx"/>
  <File Type="ROUTE-DRC-RPX" Name="Link_drc_routed.rpx"/>
  <File Type="BITSTR-MMI" Name="Link.mmi"/>
  <File Type="ROUTE-METHODOLOGY-DRC" Name="Link_methodology_drc_routed.rpt"/>
  <File Type="ROUTE-METHODOLOGY-DRC-RPX" Name="Link_methodology_drc_routed.rpx"/>
  <File Type="BITSTR-SYSDEF" Name="Link.sysdef"/>
  <File Type="ROUTE-METHODOLOGY-DRC-PB" Name="Link_methodology_drc_routed.pb"/>
  <File Type="ROUTE-PWR-RPX" Name="Link_power_routed.rpx"/>
  <File Type="ROUTE-STATUS" Name="Link_route_status.rpt"/>
  <File Type="ROUTE-STATUS-PB" Name="Link_route_status.pb"/>
  <File Type="ROUTE-TIMINGSUMMARY" Name="Link_timing_summary_routed.rpt"/>
  <File Type="ROUTE-TIMING-PB" Name="Link_timing_summary_routed.pb"/>
  <File Type="ROUTE-TIMING-RPX" Name="Link_timing_summary_routed.rpx"/>
  <File Type="ROUTE-SIMILARITY" Name="Link_incremental_reuse_routed.rpt"/>
  <File Type="ROUTE-CLK" Name="Link_clock_utilization_routed.rpt"/>
  <File Type="ROUTE-BUS-SKEW" Name="Link_bus_skew_routed.rpt"/>
  <File Type="ROUTE-BUS-SKEW-PB" Name="Link_bus_skew_routed.pb"/>
  <File Type="ROUTE-BUS-SKEW-RPX" Name="Link_bus_skew_routed.rpx"/>
  <File Type="POSTROUTE-PHYSOPT-DCP" Name="Link_postroute_physopt.dcp"/>
  <File Type="POSTROUTE-PHYSOPT-BLACKBOX-DCP" Name="Link_postroute_physopt_bb.dcp"/>
  <File Type="POSTROUTE-PHYSOPT-TIMING" Name="Link_timing_summary_postroute_physopted.rpt"/>
  <File Type="POSTROUTE-PHYSOPT-TIMING-PB" Name="Link_timing_summary_postroute_physopted.pb"/>
  <File Type="POSTROUTE-PHYSOPT-TIMING-RPX" Name="Link_timing_summary_postroute_physopted.rpx"/>
  <File Type="POSTROUTE-PHYSOPT-BUS-SKEW" Name="Link_bus_skew_postroute_physopted.rpt"/>
  <File Type="POSTROUTE-PHYSOPT-BUS-SKEW-PB" Name="Link_bus_skew_postroute_physopted.pb"/>
  <File Type="BG-BIT" Name="Link.bit"/>
  <File Type="POSTROUTE-PHYSOPT-BUS-SKEW-RPX" Name="Link_bus_skew_postroute_physopted.rpx"/>
  <File Type="BITSTR-RBT" Name="Link.rbt"/>
  <File Type="BITSTR-NKY" Name="Link.nky"/>
  <File Type="BG-DRC" Name="Link.drc"/>
  <File Type="RDI-RDI" Name="Link.vdi"/>
  <File Type="WBT-USG" Name="usage_statistics_webtalk.html"/>
  <FileSet Name="sources" Type="DesignSrcs" RelSrcDir="$PSRCDIR/sources_1">
    <Filter Type="Srcs"/>
    <File Path="$PSRCDIR/sources_1/new/Link_count.v">
      <FileInfo>
        <Attr Name="UsedIn" Val="synthesis"/>
        <Attr Name="UsedIn" Val="implementation"/>
        <Attr Name="UsedIn" Val="simulation"/>
      </FileInfo>
    </File>
    <File Path="$PSRCDIR/sources_1/new/Link_urat.v">
      <FileInfo>
        <Attr Name="UsedIn" Val="synthesis"/>
        <Attr Name="UsedIn" Val="implementation"/>
        <Attr Name="UsedIn" Val="simulation"/>
      </FileInfo>
    </File>
    <File Path="$PSRCDIR/sources_1/new/pwm.v">
      <FileInfo>
        <Attr Name="UsedIn" Val="synthesis"/>
        <Attr Name="UsedIn" Val="implementation"/>
        <Attr Name="UsedIn" Val="simulation"/>
      </FileInfo>
    </File>
    <File Path="$PSRCDIR/sources_1/new/Link.v">
      <FileInfo>
        <Attr Name="UsedIn" Val="synthesis"/>
        <Attr Name="UsedIn" Val="implementation"/>
        <Attr Name="UsedIn" Val="simulation"/>
      </FileInfo>
    </File>
    <File Path="$PSRCDIR/sources_1/new/urat_test.v">
      <FileInfo>
        <Attr Name="AutoDisabled" Val="1"/>
        <Attr Name="UsedIn" Val="synthesis"/>
        <Attr Name="UsedIn" Val="implementation"/>
        <Attr Name="UsedIn" Val="simulation"/>
      </FileInfo>
    </File>
    <File Path="$PSRCDIR/sources_1/new/Link_baud.v">
      <FileInfo>
        <Attr Name="AutoDisabled" Val="1"/>
        <Attr Name="UsedIn" Val="synthesis"/>
        <Attr Name="UsedIn" Val="implementation"/>
        <Attr Name="UsedIn" Val="simulation"/>
      </FileInfo>
    </File>
    <Config>
      <Option Name="DesignMode" Val="RTL"/>
      <Option Name="TopModule" Val="Link"/>
      <Option Name="TopAutoSet" Val="TRUE"/>
    </Config>
  </FileSet>
  <FileSet Name="constrs_in" Type="Constrs" RelSrcDir="$PSRCDIR/constrs_1">
    <Filter Type="Constrs"/>
    <File Path="$PSRCDIR/constrs_1/new/Link_baud_count_xdc.xdc">
      <FileInfo>
        <Attr Name="UsedIn" Val="synthesis"/>
        <Attr Name="UsedIn" Val="implementation"/>
      </FileInfo>
    </File>
    <Config>
      <Option Name="TargetConstrsFile" Val="$PSRCDIR/constrs_1/new/Link_baud_count_xdc.xdc"/>
      <Option Name="ConstrsType" Val="XDC"/>
    </Config>
  </FileSet>
  <FileSet Name="utils" Type="Utils" RelSrcDir="$PSRCDIR/utils_1">
    <Filter Type="Utils"/>
    <Config>
      <Option Name="TopAutoSet" Val="TRUE"/>
    </Config>
  </FileSet>
  <Strategy Version="1" Minor="2">
    <StratHandle Name="Vivado Implementation Defaults" Flow="Vivado Implementation 2018"/>
    <Step Id="init_design"/>
    <Step Id="opt_design"/>
    <Step Id="power_opt_design"/>
    <Step Id="place_design"/>
    <Step Id="post_place_power_opt_design"/>
    <Step Id="phys_opt_design"/>
    <Step Id="route_design"/>
    <Step Id="post_route_phys_opt_design"/>
    <Step Id="write_bitstream"/>
  </Strategy>
</GenRun>
